driverId,total_points,avg_points,race_count,avg_position,wins,win_rate
1,4820.5,14.786809815950921,326,3.644171779141104,105.0,0.3220858895705521
2,259.0,1.8768115942028984,138,8.355072463768115,0.0,0.0
3,1594.5,9.008474576271187,177,6.3559322033898304,23.0,0.12994350282485875
4,2329.0,6.973053892215569,334,6.4640718562874255,32.0,0.09580838323353294
5,105.0,1.1538461538461537,91,11.835164835164836,1.0,0.01098901098901099
6,9.0,0.3,30,12.2,0.0,0.0
7,6.0,0.3,20,12.25,0.0,0.0
8,1873.0,6.571929824561403,285,6.23859649122807,21.0,0.07368421052631578
9,274.0,3.223529411764706,85,9.423529411764706,1.0,0.011764705882352941
10,51.0,0.6891891891891891,74,13.77027027027027,0.0,0.0
11,44.0,0.7457627118644068,59,11.576271186440678,0.0,0.0
12,19.0,1.1176470588235294,17,10.470588235294118,0.0,0.0
13,1167.0,5.096069868995633,229,7.2663755458515285,11.0,0.048034934497816595
14,535.0,3.165680473372781,169,5.828402366863905,13.0,0.07692307692307693
15,246.5,1.45,170,9.470588235294118,1.0,0.0058823529411764705
16,124.0,1.3932584269662922,89,12.47191011235955,0.0,0.0
17,1047.5,6.546875,160,6.6,9.0,0.05625
18,1235.0,5.103305785123967,242,7.409090909090909,15.0,0.06198347107438017
19,0.0,0.0,14,14.285714285714286,0.0,0.0
20,3098.0,11.82442748091603,262,5.282442748091603,53.0,0.20229007633587787
21,275.0,1.6975308641975309,162,8.228395061728396,3.0,0.018518518518518517
22,658.0,2.873362445414847,229,7.056768558951965,11.0,0.048034934497816595
23,329.0,2.69672131147541,122,6.254098360655738,6.0,0.04918032786885246
24,26.0,0.4727272727272727,55,13.818181818181818,0.0,0.0
25,45.0,0.9574468085106383,47,8.319148936170214,0.0,0.0
26,0.0,0.0,17,12.294117647058824,0.0,0.0
27,4.0,0.14285714285714285,28,14.0,0.0,0.0
29,0.0,0.0,14,17.428571428571427,0.0,0.0
30,1566.0,6.4979253112033195,241,3.7012448132780085,91.0,0.3775933609958506
31,307.0,4.951612903225806,62,4.209677419354839,7.0,0.11290322580645161
32,14.0,0.4,35,11.228571428571428,0.0,0.0
33,7.0,0.2413793103448276,29,13.344827586206897,0.0,0.0
34,0.0,0.0,1,13.0,0.0,0.0
35,235.0,2.175925925925926,108,7.046296296296297,11.0,0.10185185185185185
36,0.0,0.0,3,16.666666666666668,0.0,0.0
37,35.0,0.625,56,12.339285714285714,0.0,0.0
38,0.0,0.0,9,14.11111111111111,0.0,0.0
39,5.0,0.15151515151515152,33,17.181818181818183,0.0,0.0
40,3.0,0.6,5,14.4,0.0,0.0
41,3.0,0.15789473684210525,19,9.894736842105264,0.0,0.0
42,8.0,0.7272727272727273,11,9.909090909090908,0.0,0.0
43,13.0,0.65,20,9.85,0.0,0.0
44,76.0,0.7676767676767676,99,8.727272727272727,1.0,0.010101010101010102
45,0.0,0.0,6,14.666666666666666,0.0,0.0
46,0.0,0.0,9,15.88888888888889,0.0,0.0
47,1.0,0.08333333333333333,12,13.5,0.0,0.0
48,5.0,0.21739130434782608,23,11.347826086956522,0.0,0.0
49,174.0,1.8125,96,6.520833333333333,3.0,0.03125
50,17.0,0.3469387755102041,49,10.53061224489796,0.0,0.0
51,1.0,0.14285714285714285,7,12.571428571428571,0.0,0.0
52,1.0,0.125,8,11.75,0.0,0.0
53,0.0,0.0,5,12.8,0.0,0.0
54,0.0,0.0,9,10.222222222222221,0.0,0.0
55,241.0,2.0252100840336134,119,6.2100840336134455,1.0,0.008403361344537815
56,191.0,2.2470588235294118,85,5.988235294117647,4.0,0.047058823529411764
57,420.0,4.077669902912621,103,4.466019417475728,20.0,0.1941747572815534
58,0.0,0.0,10,12.7,0.0,0.0
59,0.0,0.0,9,11.444444444444445,0.0,0.0
60,0.0,0.0,13,12.538461538461538,0.0,0.0
61,0.0,0.0,2,13.0,0.0,0.0
62,0.0,0.0,6,12.166666666666666,0.0,0.0
63,33.0,0.515625,64,8.671875,0.0,0.0
64,10.0,0.2564102564102564,39,9.35897435897436,0.0,0.0
65,98.0,1.0888888888888888,90,7.722222222222222,3.0,0.03333333333333333
66,0.0,0.0,8,10.875,0.0,0.0
67,29.0,0.725,40,11.975,0.0,0.0
68,0.0,0.0,12,11.666666666666666,0.0,0.0
69,0.0,0.0,25,11.6,0.0,0.0
70,1.0,0.05555555555555555,18,10.277777777777779,0.0,0.0
71,360.0,4.675324675324675,77,4.48051948051948,22.0,0.2857142857142857
73,0.0,0.0,12,11.0,0.0,0.0
74,0.0,0.0,4,12.5,0.0,0.0
75,2.0,0.1111111111111111,18,10.5,0.0,0.0
76,1.0,0.1111111111111111,9,9.88888888888889,0.0,0.0
77,385.0,3.1048387096774195,124,5.096774193548387,10.0,0.08064516129032258
78,7.0,0.2692307692307692,26,10.807692307692308,0.0,0.0
79,5.0,0.15151515151515152,33,10.909090909090908,0.0,0.0
81,8.5,0.25,34,10.294117647058824,0.0,0.0
82,0.0,0.0,3,10.666666666666666,0.0,0.0
83,1.0,0.05263157894736842,19,10.736842105263158,0.0,0.0
84,98.0,1.180722891566265,83,7.192771084337349,0.0,0.0
85,0.0,0.0,4,9.75,0.0,0.0
86,0.0,0.0,2,12.5,0.0,0.0
87,32.0,1.032258064516129,31,7.548387096774194,0.0,0.0
88,8.0,0.32,25,9.16,0.0,0.0
89,0.0,0.0,5,11.2,0.0,0.0
90,15.0,0.8823529411764706,17,9.764705882352942,0.0,0.0
91,14.0,0.7777777777777778,18,9.555555555555555,0.0,0.0
92,5.0,0.3333333333333333,15,10.066666666666666,0.0,0.0
93,0.0,0.0,3,14.333333333333334,0.0,0.0
94,18.0,0.32727272727272727,55,9.309090909090909,0.0,0.0
95,482.0,4.918367346938775,98,3.9183673469387754,31.0,0.3163265306122449
96,3.0,0.42857142857142855,7,8.714285714285714,0.0,0.0
97,0.0,0.0,2,9.5,0.0,0.0
98,0.0,0.0,1,15.0,0.0,0.0
99,1.0,0.07692307692307693,13,10.692307692307692,0.0,0.0
100,7.0,0.21875,32,9.28125,0.0,0.0
101,0.0,0.0,7,12.714285714285714,0.0,0.0
102,614.0,5.685185185185185,108,3.1481481481481484,41.0,0.37962962962962965
103,10.0,0.45454545454545453,22,9.227272727272727,0.0,0.0
104,12.0,0.46153846153846156,26,8.961538461538462,0.0,0.0
105,186.5,1.8284313725490196,102,7.509803921568627,5.0,0.049019607843137254
106,0.0,0.0,4,9.5,0.0,0.0
107,0.0,0.0,1,11.0,0.0,0.0
108,0.0,0.0,5,12.2,0.0,0.0
109,10.0,0.35714285714285715,28,8.678571428571429,0.0,0.0
110,59.0,0.8309859154929577,71,8.338028169014084,0.0,0.0
111,0.0,0.0,4,12.75,0.0,0.0
112,7.0,0.1590909090909091,44,10.295454545454545,0.0,0.0
113,0.0,0.0,1,16.0,0.0,0.0
114,0.0,0.0,15,11.2,0.0,0.0
116,0.0,0.0,1,11.0,0.0,0.0
117,798.5,5.583916083916084,143,2.958041958041958,51.0,0.35664335664335667
118,71.0,1.0597014925373134,67,7.701492537313433,0.0,0.0
119,281.0,2.2301587301587302,126,6.436507936507937,6.0,0.047619047619047616
120,2.0,0.6666666666666666,3,7.666666666666667,0.0,0.0
121,7.0,1.1666666666666667,6,7.333333333333333,0.0,0.0
122,31.0,1.0689655172413792,29,8.137931034482758,0.0,0.0
123,132.0,1.3608247422680413,97,7.412371134020619,3.0,0.030927835051546393
125,0.0,0.0,3,12.0,0.0,0.0
126,0.0,0.0,2,13.0,0.0,0.0
127,10.0,0.3225806451612903,31,9.193548387096774,0.0,0.0
128,0.0,0.0,3,10.666666666666666,0.0,0.0
129,1.0,0.07142857142857142,14,11.142857142857142,0.0,0.0
131,17.0,0.5666666666666667,30,10.133333333333333,0.0,0.0
133,6.0,0.23076923076923078,26,9.384615384615385,0.0,0.0
136,0.0,0.0,12,12.166666666666666,0.0,0.0
137,485.5,3.9795081967213113,122,4.139344262295082,23.0,0.1885245901639344
138,16.0,0.45714285714285713,35,8.514285714285714,0.0,0.0
139,3.0,0.17647058823529413,17,9.705882352941176,0.0,0.0
140,88.0,2.0,44,6.090909090909091,0.0,0.0
141,1.0,0.2,5,11.4,0.0,0.0
145,65.0,2.096774193548387,31,6.838709677419355,1.0,0.03225806451612903
146,0.0,0.0,3,12.333333333333334,0.0,0.0
147,0.0,0.0,4,13.0,0.0,0.0
148,0.0,0.0,2,11.0,0.0,0.0
151,0.0,0.0,6,9.833333333333334,0.0,0.0
152,14.0,0.5,28,9.428571428571429,0.0,0.0
153,31.0,0.8611111111111112,36,12.083333333333334,0.0,0.0
154,391.0,2.917910447761194,134,11.067164179104477,0.0,0.0
155,125.0,2.358490566037736,53,10.849056603773585,0.0,0.0
156,14.0,0.3111111111111111,45,9.422222222222222,0.0,0.0
157,4.0,0.26666666666666666,15,8.8,0.0,0.0
158,70.0,1.2727272727272727,55,7.545454545454546,0.0,0.0
159,1.0,0.09090909090909091,11,11.0,0.0,0.0
160,2.0,0.1,20,10.7,0.0,0.0
163,181.0,2.207317073170732,82,6.902439024390244,7.0,0.08536585365853659
165,0.0,0.0,2,14.5,0.0,0.0
166,11.0,0.36666666666666664,30,8.866666666666667,0.0,0.0
167,0.0,0.0,2,15.0,0.0,0.0
168,0.0,0.0,1,11.0,0.0,0.0
169,0.0,0.0,8,11.375,0.0,0.0
170,23.0,1.2777777777777777,18,6.944444444444445,0.0,0.0
172,228.0,2.425531914893617,94,5.904255319148936,6.0,0.06382978723404255
173,122.0,2.0677966101694913,59,5.796610169491525,2.0,0.03389830508474576
174,3.0,0.5,6,7.166666666666667,0.0,0.0
175,103.0,1.8070175438596492,57,6.245614035087719,2.0,0.03508771929824561
176,17.0,0.3333333333333333,51,8.980392156862745,0.0,0.0
177,159.5,2.7033898305084745,59,5.8474576271186445,5.0,0.0847457627118644
178,206.0,3.0294117647058822,68,6.235294117647059,12.0,0.17647058823529413
179,0.0,0.0,6,8.833333333333334,0.0,0.0
180,0.0,0.0,3,13.666666666666666,0.0,0.0
181,2.0,0.15384615384615385,13,10.153846153846153,0.0,0.0
182,420.5,4.6208791208791204,91,4.263736263736264,25.0,0.27472527472527475
183,0.0,0.0,5,8.6,0.0,0.0
184,5.0,0.29411764705882354,17,8.882352941176471,0.0,0.0
185,4.0,0.5714285714285714,7,8.571428571428571,0.0,0.0
186,0.0,0.0,1,12.0,0.0,0.0
187,169.0,1.8777777777777778,90,6.6,5.0,0.05555555555555555
188,1.0,0.14285714285714285,7,10.285714285714286,0.0,0.0
189,0.0,0.0,3,11.0,0.0,0.0
190,0.0,0.0,3,9.333333333333334,0.0,0.0
192,1.0,0.09090909090909091,11,9.545454545454545,0.0,0.0
193,2.0,0.2857142857142857,7,9.857142857142858,0.0,0.0
194,3.0,0.375,8,10.5,0.0,0.0
195,0.0,0.0,5,12.2,0.0,0.0
196,0.0,0.0,10,10.9,0.0,0.0
197,31.5,0.5,63,9.126984126984127,0.0,0.0
199,310.0,3.195876288659794,97,5.216494845360825,12.0,0.12371134020618557
200,71.0,1.109375,64,7.71875,1.0,0.015625
201,1.0,0.16666666666666666,6,10.333333333333334,0.0,0.0
202,101.0,2.2954545454545454,44,6.159090909090909,3.0,0.06818181818181818
203,107.0,2.7435897435897436,39,5.948717948717949,6.0,0.15384615384615385
205,0.0,0.0,10,9.7,0.0,0.0
206,15.0,0.5769230769230769,26,8.538461538461538,0.0,0.0
207,180.0,2.903225806451613,62,5.709677419354839,12.0,0.1935483870967742
208,0.0,0.0,2,15.0,0.0,0.0
209,0.0,0.0,3,10.666666666666666,0.0,0.0
211,0.0,0.0,12,10.666666666666666,0.0,0.0
212,13.0,0.8666666666666667,15,7.733333333333333,0.0,0.0
216,0.0,0.0,3,9.333333333333334,0.0,0.0
217,0.0,0.0,6,9.666666666666666,0.0,0.0
219,21.0,2.1,10,8.7,2.0,0.2
221,141.0,2.611111111111111,54,5.5,2.0,0.037037037037037035
222,255.0,3.311688311688312,77,5.194805194805195,10.0,0.12987012987012986
223,212.0,2.5542168674698793,83,6.0,5.0,0.060240963855421686
224,281.0,2.9893617021276597,94,6.0212765957446805,14.0,0.14893617021276595
229,0.0,0.0,11,10.909090909090908,0.0,0.0
230,15.5,0.4189189189189189,37,9.405405405405405,1.0,0.02702702702702703
231,179.0,3.891304347826087,46,4.195652173913044,10.0,0.21739130434782608
232,11.0,0.6875,16,9.1875,0.0,0.0
233,29.0,1.1153846153846154,26,7.538461538461538,0.0,0.0
235,181.0,2.742424242424242,66,5.893939393939394,8.0,0.12121212121212122
236,0.0,0.0,1,13.0,0.0,0.0
237,0.0,0.0,6,11.0,0.0,0.0
238,206.0,2.9014084507042255,71,6.070422535211268,10.0,0.14084507042253522
239,0.0,0.0,23,11.434782608695652,0.0,0.0
240,0.0,0.0,1,7.0,0.0,0.0
243,14.0,0.4117647058823529,34,10.323529411764707,0.0,0.0
246,0.0,0.0,6,10.333333333333334,0.0,0.0
249,0.0,0.0,1,12.0,0.0,0.0
250,58.0,1.5675675675675675,37,7.675675675675675,1.0,0.02702702702702703
251,0.0,0.0,4,11.5,0.0,0.0
252,19.0,0.8636363636363636,22,7.136363636363637,0.0,0.0
253,0.0,0.0,2,9.0,0.0,0.0
254,1.0,0.3333333333333333,3,9.666666666666666,0.0,0.0
255,31.0,2.2142857142857144,14,7.071428571428571,1.0,0.07142857142857142
256,0.0,0.0,5,13.0,0.0,0.0
258,0.0,0.0,8,12.375,0.0,0.0
259,0.0,0.0,4,12.75,0.0,0.0
262,13.0,0.8125,16,7.5625,0.0,0.0
265,0.0,0.0,8,13.125,0.0,0.0
267,0.0,0.0,4,12.5,0.0,0.0
269,0.0,0.0,1,17.0,0.0,0.0
270,0.0,0.0,2,15.5,0.0,0.0
271,0.0,0.0,1,12.0,0.0,0.0
272,0.0,0.0,1,9.0,0.0,0.0
273,0.0,0.0,1,11.0,0.0,0.0
274,0.0,0.0,1,9.0,0.0,0.0
275,0.5,0.07142857142857142,7,12.571428571428571,0.0,0.0
276,0.0,0.0,5,12.8,0.0,0.0
277,0.0,0.0,5,11.6,0.0,0.0
278,83.0,1.6274509803921569,51,6.901960784313726,0.0,0.0
280,12.0,0.3870967741935484,31,9.838709677419354,0.0,0.0
282,0.0,0.0,1,14.0,0.0,0.0
284,0.0,0.0,3,14.333333333333334,0.0,0.0
286,0.0,0.0,1,14.0,0.0,0.0
287,0.0,0.0,1,11.0,0.0,0.0
288,8.0,1.0,8,7.375,0.0,0.0
289,289.0,2.8333333333333335,102,6.009803921568627,14.0,0.13725490196078433
290,3.0,0.17647058823529413,17,10.823529411764707,0.0,0.0
291,0.0,0.0,1,11.0,0.0,0.0
292,0.0,0.0,2,13.5,0.0,0.0
293,0.0,0.0,3,15.0,0.0,0.0
294,1.0,0.16666666666666666,6,9.5,0.0,0.0
296,0.0,0.0,4,15.25,0.0,0.0
297,0.0,0.0,1,10.0,0.0,0.0
298,2.0,0.2857142857142857,7,9.714285714285714,0.0,0.0
300,0.0,0.0,1,17.0,0.0,0.0
301,0.0,0.0,1,18.0,0.0,0.0
302,0.0,0.0,1,13.0,0.0,0.0
304,248.0,3.1794871794871793,78,4.794871794871795,8.0,0.10256410256410256
305,29.0,1.0740740740740742,27,7.925925925925926,0.0,0.0
306,77.0,1.5714285714285714,49,6.673469387755102,1.0,0.02040816326530612
307,10.0,0.47619047619047616,21,8.476190476190476,0.0,0.0
308,0.0,0.0,2,16.0,0.0,0.0
309,61.0,2.9047619047619047,21,5.761904761904762,2.0,0.09523809523809523
311,0.0,0.0,1,8.0,0.0,0.0
312,8.0,1.1428571428571428,7,7.714285714285714,0.0,0.0
313,0.0,0.0,4,11.5,0.0,0.0
314,7.0,0.4375,16,10.125,0.0,0.0
317,13.0,1.625,8,6.5,0.0,0.0
320,11.0,1.0,11,9.090909090909092,1.0,0.09090909090909091
321,1.0,0.5,2,8.5,0.0,0.0
322,0.0,0.0,6,8.833333333333334,0.0,0.0
323,0.0,0.0,1,9.0,0.0,0.0
324,0.0,0.0,1,10.0,0.0,0.0
327,89.0,3.0689655172413794,29,5.0344827586206895,1.0,0.034482758620689655
328,360.0,5.714285714285714,63,2.9523809523809526,27.0,0.42857142857142855
329,0.0,0.0,13,11.461538461538462,0.0,0.0
330,0.0,0.0,7,12.0,0.0,0.0
331,0.0,0.0,1,12.0,0.0,0.0
332,5.0,0.7142857142857143,7,10.571428571428571,0.0,0.0
333,6.0,0.5,12,9.583333333333334,0.0,0.0
337,0.0,0.0,7,11.142857142857142,0.0,0.0
338,0.0,0.0,5,13.0,0.0,0.0
340,6.0,1.0,6,8.666666666666666,0.0,0.0
341,180.0,3.3333333333333335,54,4.7592592592592595,6.0,0.1111111111111111
342,0.0,0.0,1,16.0,0.0,0.0
344,0.0,0.0,1,12.0,0.0,0.0
345,71.0,2.4482758620689653,29,5.310344827586207,2.0,0.06896551724137931
346,68.0,1.3076923076923077,52,7.134615384615385,2.0,0.038461538461538464
347,39.0,0.78,50,7.32,1.0,0.02
348,0.0,0.0,1,13.0,0.0,0.0
350,8.0,1.0,8,7.0,0.0,0.0
351,3.0,0.75,4,7.25,0.0,0.0
352,0.0,0.0,4,12.0,0.0,0.0
353,0.0,0.0,3,9.0,0.0,0.0
355,0.0,0.0,1,14.0,0.0,0.0
356,261.0,3.5753424657534247,73,4.63013698630137,14.0,0.1917808219178082
357,2.0,0.5,4,7.5,0.0,0.0
358,109.0,4.36,25,4.2,6.0,0.24
359,9.0,2.25,4,5.25,0.0,0.0
360,196.5,3.119047619047619,63,4.682539682539683,4.0,0.06349206349206349
361,20.0,2.2222222222222223,9,5.555555555555555,0.0,0.0
362,0.0,0.0,2,10.5,0.0,0.0
363,3.0,1.0,3,8.333333333333334,0.0,0.0
364,133.0,3.022727272727273,44,5.295454545454546,4.0,0.09090909090909091
365,0.0,0.0,1,10.0,0.0,0.0
368,0.0,0.0,2,10.5,0.0,0.0
370,11.0,0.9166666666666666,12,8.75,0.0,0.0
373,274.0,5.48,50,3.84,25.0,0.5
374,27.0,1.35,20,6.4,0.0,0.0
375,17.0,2.8333333333333335,6,5.0,1.0,0.16666666666666666
376,6.0,1.0,6,8.666666666666666,0.0,0.0
379,0.0,0.0,1,12.0,0.0,0.0
380,0.0,0.0,3,10.333333333333334,0.0,0.0
382,0.0,0.0,3,11.0,0.0,0.0
383,8.0,0.5333333333333333,15,8.2,0.0,0.0
385,58.0,2.0714285714285716,28,6.142857142857143,1.0,0.03571428571428571
386,107.0,2.7435897435897436,39,5.282051282051282,1.0,0.02564102564102564
387,14.0,4.666666666666667,3,3.0,0.0,0.0
388,2.0,0.4,5,7.0,0.0,0.0
389,1.0,0.16666666666666666,6,9.666666666666666,0.0,0.0
390,0.0,0.0,2,8.0,0.0,0.0
392,0.0,0.0,1,11.0,0.0,0.0
394,14.0,1.4,10,8.0,1.0,0.1
395,0.0,0.0,1,8.0,0.0,0.0
396,3.0,0.75,4,7.25,0.0,0.0
397,12.0,1.5,8,6.0,0.0,0.0
399,1.0,0.25,4,9.0,0.0,0.0
400,0.0,0.0,1,11.0,0.0,0.0
401,8.0,0.6666666666666666,12,8.416666666666666,0.0,0.0
402,0.0,0.0,1,9.0,0.0,0.0
403,98.0,2.9696969696969697,33,5.151515151515151,3.0,0.09090909090909091
404,47.0,1.8076923076923077,26,6.884615384615385,1.0,0.038461538461538464
405,2.0,0.5,4,9.75,0.0,0.0
406,0.0,0.0,2,9.5,0.0,0.0
407,0.0,0.0,1,14.0,0.0,0.0
408,26.0,1.4444444444444444,18,6.666666666666667,0.0,0.0
409,0.0,0.0,1,12.0,0.0,0.0
410,1.0,1.0,1,6.0,0.0,0.0
411,0.0,0.0,1,11.0,0.0,0.0
412,0.0,0.0,1,14.0,0.0,0.0
413,0.0,0.0,1,10.0,0.0,0.0
418,21.0,0.9545454545454546,22,8.0,0.0,0.0
420,0.0,0.0,1,11.0,0.0,0.0
423,3.0,1.5,2,6.5,0.0,0.0
424,0.0,0.0,1,13.0,0.0,0.0
425,0.0,0.0,3,12.0,0.0,0.0
427,72.33,1.6438636363636363,44,6.136363636363637,2.0,0.045454545454545456
428,0.0,0.0,1,10.0,0.0,0.0
429,2.0,0.2857142857142857,7,7.714285714285714,0.0,0.0
430,4.0,0.17391304347826086,23,10.08695652173913,0.0,0.0
431,0.0,0.0,3,8.333333333333334,0.0,0.0
432,0.0,0.0,1,10.0,0.0,0.0
433,2.0,2.0,1,5.0,0.0,0.0
434,0.0,0.0,4,10.25,0.0,0.0
435,7.0,2.3333333333333335,3,4.666666666666667,0.0,0.0
436,0.0,0.0,2,12.0,0.0,0.0
437,0.0,0.0,9,11.11111111111111,0.0,0.0
438,0.0,0.0,2,9.5,0.0,0.0
439,0.0,0.0,1,14.0,0.0,0.0
440,3.0,0.375,8,7.875,0.0,0.0
441,0.0,0.0,1,10.0,0.0,0.0
448,0.0,0.0,1,7.0,0.0,0.0
449,14.0,3.5,4,6.75,1.0,0.25
453,3.0,0.6,5,8.0,0.0,0.0
454,4.0,1.3333333333333333,3,8.0,0.0,0.0
455,0.0,0.0,3,14.0,0.0,0.0
456,19.0,1.0,19,6.7894736842105265,0.0,0.0
459,0.0,0.0,3,12.666666666666666,0.0,0.0
460,0.0,0.0,1,16.0,0.0,0.0
462,0.0,0.0,1,11.0,0.0,0.0
463,0.0,0.0,1,15.0,0.0,0.0
465,0.0,0.0,1,15.0,0.0,0.0
466,0.0,0.0,1,14.0,0.0,0.0
468,0.0,0.0,2,8.5,0.0,0.0
469,0.0,0.0,1,10.0,0.0,0.0
471,0.0,0.0,1,9.0,0.0,0.0
475,181.5,4.905405405405405,37,3.4594594594594597,16.0,0.43243243243243246
476,56.0,2.9473684210526314,19,4.7368421052631575,2.0,0.10526315789473684
477,11.0,1.1,10,6.7,0.0,0.0
478,9.0,1.0,9,8.0,0.0,0.0
479,75.0,3.409090909090909,22,5.045454545454546,6.0,0.2727272727272727
480,0.0,0.0,1,11.0,0.0,0.0
481,3.0,0.42857142857142855,7,9.285714285714286,0.0,0.0
482,18.0,1.6363636363636365,11,6.2727272727272725,0.0,0.0
483,1.0,0.2,5,8.2,0.0,0.0
484,0.0,0.0,2,13.0,0.0,0.0
486,5.0,1.6666666666666667,3,5.666666666666667,0.0,0.0
489,0.0,0.0,1,12.0,0.0,0.0
493,0.0,0.0,1,9.0,0.0,0.0
494,0.0,0.0,1,7.0,0.0,0.0
496,9.0,2.25,4,4.75,0.0,0.0
497,0.0,0.0,1,9.0,0.0,0.0
498,76.64,4.0336842105263155,19,3.0,2.0,0.10526315789473684
499,0.0,0.0,1,11.0,0.0,0.0
500,0.0,0.0,2,14.0,0.0,0.0
501,32.0,1.032258064516129,31,6.741935483870968,0.0,0.0
502,0.0,0.0,1,8.0,0.0,0.0
505,0.0,0.0,1,10.0,0.0,0.0
506,0.0,0.0,2,9.5,0.0,0.0
507,0.0,0.0,1,10.0,0.0,0.0
509,29.0,3.2222222222222223,9,8.0,1.0,0.1111111111111111
510,6.0,3.0,2,4.0,0.0,0.0
511,3.0,3.0,1,4.0,0.0,0.0
512,10.0,2.5,4,6.0,0.0,0.0
513,1.0,0.14285714285714285,7,10.571428571428571,0.0,0.0
514,0.0,0.0,4,9.0,0.0,0.0
515,0.0,0.0,1,9.0,0.0,0.0
516,0.0,0.0,3,12.0,0.0,0.0
517,0.0,0.0,1,11.0,0.0,0.0
518,6.5,0.7222222222222222,9,8.444444444444445,0.0,0.0
519,1.0,0.5,2,9.0,0.0,0.0
520,0.0,0.0,7,13.428571428571429,0.0,0.0
521,0.0,0.0,4,13.5,0.0,0.0
522,0.0,0.0,1,16.0,0.0,0.0
523,0.0,0.0,1,17.0,0.0,0.0
524,0.0,0.0,1,18.0,0.0,0.0
525,18.0,2.5714285714285716,7,9.142857142857142,1.0,0.14285714285714285
526,9.5,1.9,5,10.0,1.0,0.2
527,0.0,0.0,1,21.0,0.0,0.0
528,4.0,0.8,5,11.2,0.0,0.0
529,11.0,1.375,8,9.625,0.0,0.0
530,0.0,0.0,1,24.0,0.0,0.0
531,0.0,0.0,2,17.5,0.0,0.0
532,0.0,0.0,1,26.0,0.0,0.0
533,4.0,1.0,4,10.5,0.0,0.0
534,0.0,0.0,1,28.0,0.0,0.0
535,0.0,0.0,2,22.5,0.0,0.0
536,0.0,0.0,1,30.0,0.0,0.0
537,2.0,1.0,2,18.0,0.0,0.0
538,0.0,0.0,3,17.333333333333332,0.0,0.0
539,0.0,0.0,1,33.0,0.0,0.0
541,5.0,1.0,5,7.0,0.0,0.0
542,0.0,0.0,1,12.0,0.0,0.0
543,3.0,1.5,2,9.5,0.0,0.0
544,0.0,0.0,1,8.0,0.0,0.0
545,0.0,0.0,1,10.0,0.0,0.0
547,2.0,0.4,5,9.4,0.0,0.0
548,0.0,0.0,1,13.0,0.0,0.0
549,0.0,0.0,3,10.666666666666666,0.0,0.0
551,0.0,0.0,1,10.0,0.0,0.0
554,51.0,2.04,25,4.92,0.0,0.0
555,7.5,1.25,6,6.0,0.0,0.0
556,0.0,0.0,3,9.666666666666666,0.0,0.0
557,0.0,0.0,1,15.0,0.0,0.0
558,0.0,0.0,2,12.5,0.0,0.0
559,8.0,2.6666666666666665,3,7.0,1.0,0.3333333333333333
560,0.0,0.0,1,10.0,0.0,0.0
562,0.0,0.0,1,11.0,0.0,0.0
563,0.0,0.0,2,13.0,0.0,0.0
564,0.0,0.0,1,8.0,0.0,0.0
566,0.0,0.0,4,7.75,0.0,0.0
567,0.0,0.0,1,10.0,0.0,0.0
569,0.0,0.0,1,12.0,0.0,0.0
572,0.0,0.0,1,7.0,0.0,0.0
573,0.0,0.0,1,9.0,0.0,0.0
577,44.0,3.142857142857143,14,4.214285714285714,1.0,0.07142857142857142
578,126.64,3.8375757575757574,33,3.696969696969697,3.0,0.09090909090909091
579,277.14,6.298636363636363,44,2.25,24.0,0.5454545454545454
580,6.0,0.75,8,7.0,0.0,0.0
581,47.0,2.9375,16,4.1875,3.0,0.1875
583,1.5,0.375,4,8.75,0.0,0.0
586,0.0,0.0,2,8.0,0.0,0.0
589,4.0,0.5714285714285714,7,8.0,0.0,0.0
590,16.0,2.6666666666666665,6,4.333333333333333,0.0,0.0
591,6.0,6.0,1,2.0,0.0,0.0
592,0.0,0.0,4,9.75,0.0,0.0
593,12.0,2.0,6,9.0,1.0,0.16666666666666666
594,0.0,0.0,1,13.0,0.0,0.0
595,0.0,0.0,1,16.0,0.0,0.0
596,0.0,0.0,1,18.0,0.0,0.0
597,0.0,0.0,3,11.333333333333334,0.0,0.0
602,0.0,0.0,1,14.0,0.0,0.0
603,0.0,0.0,1,15.0,0.0,0.0
606,4.0,1.3333333333333333,3,5.666666666666667,0.0,0.0
607,5.0,0.7142857142857143,7,5.571428571428571,0.0,0.0
608,19.5,2.4375,8,5.0,0.0,0.0
609,0.0,0.0,4,8.0,0.0,0.0
611,20.0,4.0,5,4.0,1.0,0.2
612,5.0,1.0,5,8.4,0.0,0.0
613,0.0,0.0,2,11.0,0.0,0.0
615,1.5,0.5,3,7.333333333333333,0.0,0.0
617,0.0,0.0,1,7.0,0.0,0.0
619,0.0,0.0,7,8.714285714285714,0.0,0.0
620,3.33,0.555,6,6.0,0.0,0.0
622,1.5,0.5,3,7.0,0.0,0.0
623,0.0,0.0,1,6.0,0.0,0.0
624,2.0,0.6666666666666666,3,7.0,0.0,0.0
625,2.0,1.0,2,5.5,0.0,0.0
626,16.0,1.4545454545454546,11,6.909090909090909,0.0,0.0
627,18.0,0.6923076923076923,26,7.5,0.0,0.0
628,8.0,2.6666666666666665,3,7.0,1.0,0.3333333333333333
629,0.0,0.0,2,9.5,0.0,0.0
630,0.0,0.0,2,16.5,0.0,0.0
632,11.0,2.2,5,5.8,0.0,0.0
633,48.0,2.6666666666666665,18,4.277777777777778,0.0,0.0
638,0.0,0.0,1,11.0,0.0,0.0
640,9.0,0.75,12,7.0,0.0,0.0
641,41.0,3.4166666666666665,12,4.083333333333333,1.0,0.08333333333333333
642,126.33,4.678888888888888,27,2.814814814814815,5.0,0.18518518518518517
643,13.0,1.625,8,5.125,0.0,0.0
644,4.0,0.6666666666666666,6,6.666666666666667,0.0,0.0
647,138.0,6.2727272727272725,22,2.1818181818181817,13.0,0.5909090909090909
648,17.0,2.8333333333333335,6,4.166666666666667,0.0,0.0
650,0.0,0.0,2,8.5,0.0,0.0
651,0.0,0.0,5,10.2,0.0,0.0
653,4.0,1.0,4,10.25,0.0,0.0
654,1.0,0.25,4,10.25,0.0,0.0
655,0.0,0.0,1,10.0,0.0,0.0
656,8.0,2.6666666666666665,3,6.0,0.0,0.0
657,18.0,6.0,3,6.333333333333333,2.0,0.6666666666666666
658,9.0,1.8,5,7.2,0.0,0.0
659,0.0,0.0,2,14.5,0.0,0.0
660,0.0,0.0,13,10.384615384615385,0.0,0.0
661,0.0,0.0,1,7.0,0.0,0.0
662,0.0,0.0,1,7.0,0.0,0.0
663,3.0,0.375,8,7.375,0.0,0.0
664,0.0,0.0,2,14.5,0.0,0.0
665,0.0,0.0,1,13.0,0.0,0.0
667,0.0,0.0,1,9.0,0.0,0.0
669,8.0,0.8,10,7.4,0.0,0.0
670,8.14,2.7133333333333334,3,5.0,0.0,0.0
672,0.0,0.0,1,11.0,0.0,0.0
673,8.0,4.0,2,3.5,0.0,0.0
674,0.0,0.0,1,9.0,0.0,0.0
675,2.0,0.5,4,12.25,0.0,0.0
676,0.0,0.0,1,19.0,0.0,0.0
677,0.0,0.0,1,20.0,0.0,0.0
679,0.0,0.0,2,12.0,0.0,0.0
680,0.0,0.0,3,8.333333333333334,0.0,0.0
682,0.0,0.0,1,11.0,0.0,0.0
683,0.0,0.0,1,14.0,0.0,0.0
686,9.0,2.25,4,4.75,0.0,0.0
687,4.0,0.8,5,7.6,0.0,0.0
688,0.0,0.0,4,12.5,0.0,0.0
689,2.0,0.3333333333333333,6,11.5,0.0,0.0
690,0.0,0.0,1,11.0,0.0,0.0
691,2.0,2.0,1,5.0,0.0,0.0
692,0.0,0.0,1,12.0,0.0,0.0
693,0.0,0.0,2,7.5,0.0,0.0
695,2.0,2.0,1,5.0,0.0,0.0
696,0.0,0.0,1,8.0,0.0,0.0
697,17.5,1.9444444444444444,9,4.333333333333333,0.0,0.0
699,0.0,0.0,1,11.0,0.0,0.0
700,0.0,0.0,1,12.0,0.0,0.0
701,6.0,3.0,2,8.5,0.0,0.0
702,0.0,0.0,2,15.0,0.0,0.0
703,0.0,0.0,1,13.0,0.0,0.0
704,5.0,0.625,8,8.875,0.0,0.0
705,0.0,0.0,1,21.0,0.0,0.0
708,0.0,0.0,2,9.5,0.0,0.0
709,0.0,0.0,2,13.5,0.0,0.0
710,0.0,0.0,1,14.0,0.0,0.0
717,0.0,0.0,1,14.0,0.0,0.0
719,0.0,0.0,1,9.0,0.0,0.0
720,0.0,0.0,1,8.0,0.0,0.0
721,0.0,0.0,2,9.0,0.0,0.0
723,10.0,1.6666666666666667,6,7.666666666666667,0.0,0.0
724,0.0,0.0,1,8.0,0.0,0.0
726,0.0,0.0,2,8.0,0.0,0.0
727,0.0,0.0,1,12.0,0.0,0.0
728,0.0,0.0,1,13.0,0.0,0.0
729,0.0,0.0,1,14.0,0.0,0.0
730,0.0,0.0,2,17.0,0.0,0.0
731,0.0,0.0,2,12.5,0.0,0.0
732,0.0,0.0,2,19.5,0.0,0.0
734,2.0,2.0,1,5.0,0.0,0.0
735,0.0,0.0,1,7.0,0.0,0.0
736,0.0,0.0,2,9.0,0.0,0.0
737,0.0,0.0,1,14.0,0.0,0.0
738,0.0,0.0,1,15.0,0.0,0.0
740,0.0,0.0,1,12.0,0.0,0.0
741,3.0,0.5,6,7.333333333333333,0.0,0.0
742,3.0,1.5,2,8.0,0.0,0.0
743,2.0,2.0,1,5.0,0.0,0.0
744,0.0,0.0,1,9.0,0.0,0.0
745,0.0,0.0,1,12.0,0.0,0.0
746,0.0,0.0,1,18.0,0.0,0.0
748,0.0,0.0,1,11.0,0.0,0.0
751,0.0,0.0,1,7.0,0.0,0.0
752,0.0,0.0,1,9.0,0.0,0.0
753,0.0,0.0,1,11.0,0.0,0.0
759,0.0,0.0,1,9.0,0.0,0.0
762,0.0,0.0,1,9.0,0.0,0.0
763,3.0,1.0,3,6.666666666666667,0.0,0.0
764,0.0,0.0,2,11.5,0.0,0.0
766,9.0,4.5,2,3.5,1.0,0.5
767,0.0,0.0,1,7.0,0.0,0.0
768,4.0,4.0,1,3.0,0.0,0.0
770,3.0,3.0,1,4.0,0.0,0.0
771,0.0,0.0,1,19.0,0.0,0.0
772,0.0,0.0,1,13.0,0.0,0.0
773,0.0,0.0,3,8.0,0.0,0.0
774,1.0,0.5,2,6.5,0.0,0.0
778,0.0,0.0,2,9.0,0.0,0.0
780,0.0,0.0,2,10.5,0.0,0.0
784,0.0,0.0,1,9.0,0.0,0.0
785,0.0,0.0,1,9.0,0.0,0.0
786,32.0,4.571428571428571,7,3.2857142857142856,1.0,0.14285714285714285
787,0.0,0.0,1,7.0,0.0,0.0
788,0.0,0.0,1,10.0,0.0,0.0
793,3.0,3.0,1,4.0,0.0,0.0
794,1.0,1.0,1,5.0,0.0,0.0
795,0.0,0.0,1,11.0,0.0,0.0
796,0.0,0.0,1,22.0,0.0,0.0
797,0.0,0.0,1,23.0,0.0,0.0
799,0.0,0.0,1,15.0,0.0,0.0
800,0.0,0.0,1,7.0,0.0,0.0
801,0.0,0.0,1,6.0,0.0,0.0
802,3.0,3.0,1,2.0,0.0,0.0
804,0.0,0.0,1,17.0,0.0,0.0
806,0.0,0.0,1,6.0,0.0,0.0
807,563.0,2.99468085106383,188,10.22340425531915,0.0,0.0
808,64.0,1.3617021276595744,47,12.914893617021276,0.0,0.0
810,0.0,0.0,10,17.6,0.0,0.0
811,33.0,0.9428571428571428,35,13.885714285714286,0.0,0.0
812,0.0,0.0,9,17.22222222222222,0.0,0.0
813,76.0,1.1343283582089552,67,12.805970149253731,1.0,0.014925373134328358
814,121.0,2.326923076923077,52,10.576923076923077,0.0,0.0
815,1585.0,6.314741035856573,251,8.00796812749004,6.0,0.02390438247011952
816,0.0,0.0,17,17.88235294117647,0.0,0.0
817,1320.0,6.055045871559633,218,8.73394495412844,8.0,0.03669724770642202
818,51.0,1.1333333333333333,45,11.911111111111111,0.0,0.0
819,0.0,0.0,30,17.3,0.0,0.0
820,0.0,0.0,32,17.34375,0.0,0.0
821,6.0,0.13043478260869565,46,13.956521739130435,0.0,0.0
822,1788.0,8.127272727272727,220,7.831818181818182,10.0,0.045454545454545456
823,0.0,0.0,16,17.375,0.0,0.0
824,2.0,0.07142857142857142,28,16.571428571428573,0.0,0.0
825,196.0,1.264516129032258,155,12.593548387096774,0.0,0.0
826,202.0,2.2444444444444445,90,10.622222222222222,0.0,0.0
828,18.0,0.24324324324324326,74,13.91891891891892,0.0,0.0
829,0.0,0.0,16,16.125,0.0,0.0
830,2912.5,16.27094972067039,179,3.547486033519553,63.0,0.35195530726256985
831,29.0,0.8787878787878788,33,13.090909090909092,0.0,0.0
832,1203.5,7.079411764705882,170,7.229411764705882,4.0,0.023529411764705882
833,0.0,0.0,12,15.5,0.0,0.0
834,0.0,0.0,5,15.4,0.0,0.0
835,9.0,0.34615384615384615,26,13.26923076923077,0.0,0.0
836,6.0,0.1935483870967742,31,15.0,0.0,0.0
837,0.0,0.0,9,18.22222222222222,0.0,0.0
838,26.0,0.7647058823529411,34,12.088235294117647,0.0,0.0
839,440.0,3.3333333333333335,132,9.962121212121213,1.0,0.007575757575757576
840,286.0,2.0,143,11.293706293706293,0.0,0.0
841,21.0,0.375,56,13.392857142857142,0.0,0.0
842,426.0,3.1791044776119404,134,10.08955223880597,1.0,0.007462686567164179
843,4.0,0.23529411764705882,17,13.352941176470589,0.0,0.0
844,1363.0,10.817460317460318,126,5.484126984126984,8.0,0.06349206349206349
845,1.0,0.05555555555555555,18,14.833333333333334,0.0,0.0
846,950.0,7.983193277310924,119,7.050420168067227,4.0,0.03361344537815126
847,664.0,5.981981981981982,111,9.36936936936937,3.0,0.02702702702702703
848,238.0,2.7045454545454546,88,10.613636363636363,0.0,0.0
849,9.0,0.17647058823529413,51,15.431372549019608,0.0,0.0
850,0.0,0.0,2,18.0,0.0,0.0
851,0.0,0.0,1,16.0,0.0,0.0
852,87.0,1.1756756756756757,74,12.27027027027027,0.0,0.0
853,0.0,0.0,16,17.8125,0.0,0.0
854,12.0,0.3157894736842105,38,15.052631578947368,0.0,0.0
855,16.0,0.27586206896551724,58,13.948275862068966,0.0,0.0
856,2.0,0.2,10,14.8,0.0,0.0
857,347.0,8.069767441860465,43,7.116279069767442,2.0,0.046511627906976744
858,1.0,0.034482758620689655,29,15.689655172413794,0.0,0.0
859,6.0,0.5454545454545454,11,12.909090909090908,0.0,0.0
860,7.0,2.3333333333333335,3,9.666666666666666,0.0,0.0
861,5.0,0.8333333333333334,6,11.166666666666666,0.0,0.0
862,0.0,0.0,1,15.0,0.0,0.0
